Borda Count, Sum Rule
0.767381, 0.769048
0.838333, 0.838333
0.834048, 0.834286
0.839048, 0.838095
0.825952, 0.825952
0.824286, 0.831667
0.773810, 0.783571
0.398571, 0.619762
0.349048, 0.520952
0.765238, 0.770714

0.721571, 0.763238
0.176456, 0.102322
