Borda Count, Sum Rule
0.036667, 0.020000
0.033095, 0.017381
0.032857, 0.015000
0.032619, 0.015714
0.032619, 0.012143
0.038810, 0.019762
0.044286, 0.015476
0.102857, 0.039762
0.086667, 0.052381
0.040238, 0.018333

0.048071, 0.022595
0.023908, 0.012276
